{"cameraMode":{"drawMode":0,"name":"Shaded","section":"Shading Mode"},"sceneLighting":false,"audioPlay":false,"sceneViewState":{"m_AlwaysRefresh":false,"showFog":true,"showSkybox":false,"showFlares":true,"showImageEffects":true,"showParticleSystems":true,"showVisualEffectGraphs":true,"m_FxEnabled":true},"in2DMode":false,"pivot":{"x":-1.6200003623962403,"y":0.8000379800796509,"z":10.600000381469727},"rotation":{"x":-0.12883971631526948,"y":-0.04135216772556305,"z":0.005411079153418541,"w":-0.9908191561698914},"size":1.299015760421753,"orthographic":false}