{"cameraMode":{"drawMode":0,"name":"Shaded","section":"Shading Mode"},"sceneLighting":false,"audioPlay":false,"sceneViewState":{"m_AlwaysRefresh":false,"showFog":true,"showSkybox":false,"showFlares":true,"showImageEffects":true,"showParticleSystems":true,"showVisualEffectGraphs":true,"m_FxEnabled":true},"in2DMode":false,"pivot":{"x":0.11000001430511475,"y":12.899999618530274,"z":20.399999618530275},"rotation":{"x":-0.01530034001916647,"y":-0.031212864443659784,"z":0.0005222379695624113,"w":-0.9994557499885559},"size":1.299038052558899,"orthographic":false}